Aaron Dobson,Brady
Aaron Hernandez,Brady
Aaron Jones,Rodgers
Aaron Moorehead,Peyton
Aaron Ripkowski,Rodgers
Aaron Stecker,Brees
Adam Trautman,Brees
Adrian Peterson,Favre
Adrien Robinson,Eli
Ahmad Bradshaw,Eli
Ahman Green,Favre
AJ Dillon,Rodgers
Aldrick Robinson,Ryan
Alge Crumpler,Brady
Allen Lazard,Rodgers
Alvin Kamara,Brees
Amani Toomer,Eli
Andre Brown,Marino
Andre Caldwell,Peyton
Andre Rison,Favre
Andre' Davis,Brady
Andrew Quarless,Rodgers
Anthony Gonzalez,Peyton
Anthony Morgan,Favre
Antone Smith,Ryan
Antonio Brown,Roethlisberger
Antonio Chatman,Favre
Antonio Freeman,Favre
Antonio Gates,Rivers
Antowain Smith,Brady
Antwaan Randle El,Roethlisberger
Austin Carr,Brees
Austin Collie,Peyton
Austin Ekeler,Rivers
Austin Hooper,Ryan
Austin Johnson,Brees
Bear Pascoe,Eli
Ben Utecht,Peyton
Ben Watson,Brady
Bennie Fowler,Eli
Bernard Berrian,Favre
Bernie Parmalee,Marino
Bethel Johnson,Brady
Bill Schroeder,Favre
Billy Miller,Brees
Blair White,Peyton
Bobby Humphrey,Marino
Branden Oliver,Rivers
Brandin Cooks,Brady
Brandon Bolden,Brady
Brandon Bostick,Rodgers
Brandon Coleman,Brees
Brandon Jackson,Favre
Brandon Jacobs,Eli
Brandon LaFell,Brady
Brandon Lloyd,Brady
Brandon Manumaleuna,Rivers
Brandon Myers,Eli
Brandon Powell,Ryan
Brandon Stokley,Peyton
Brandon Tate,Brady
Breshad Perriman,Brady
Brett Carolan,Marino
Brett Perriman,Marino
Brian Finneran,Ryan
Brian Hill,Ryan
Brian Tyms,Brady
Bruce Hardy,Marino
Bryan Fletcher,Peyton
Bubba Franks,Favre
C.J. Anderson,Peyton
C.J. Spiller,Brees
Calvin Ridley,Ryan
Cam Cleeland,Brady
Cameron Brate,Brady
Cameron Meredith,Brees
Cedrick Wilson,Roethlisberger
Chad Jackson,Brady
Chad Johnson,Brady
Chansi Stuckey,Favre
Charles Johnson,Brady
Charles Jordan,Marino
Charles Lee,Favre
Chase Claypool,Roethlisberger
Chester Taylor,Favre
Chris Baker,Brady
Chris Chambers,Rivers
Chris Godwin,Brady
Chris Hogan,Brady
Christian Fauria,Brady
Cobi Hamilton,Roethlisberger
Coby Fleener,Brees
Cody Latimer,Eli
Cordarrelle Patterson,Brady
Corey Bradford,Favre
Corey Dillon,Brady
Corey Washington,Eli
Craig Davis,Rivers
Curtis Conway,Brees
Cyril Grayson,Brady
D.J. Tialavea,Ryan
Da'Rel Scott,Eli
Dallas Clark,Peyton
Dan Arnold,Brees
Dan Johnson,Marino
Dan Klecko,Peyton
Dan Kreider,Roethlisberger
Danario Alexander,Rivers
Daniel Fells,Eli
Daniel Graham,Brady
Danny Amendola,Brady
Danny Woodhead,Brady
Dante Rosario,Rivers
Darcy Johnson,Eli
Darius Johnson,Ryan
Darius Slayton,Eli
Darnell Dinkins,Brees
Darrell Thompson,Favre
Darren Sproles,Rivers
Darrius Heyward-Bey,Roethlisberger
Davante Adams,Rodgers
David Boston,Brees
David Givens,Brady
David Johnson,Roethlisberger
David Martin,Favre
David Overstreet,Marino
David Patten,Brady
David Thomas,Brees
David Tyree,Eli
David Wilson,Eli
DeAngelo Williams,Roethlisberger
Dedric Ward,Brady
Deion Branch,Brady
Demaryius Thomas,Peyton
Deonte Harty,Brees
Derek Hagan,Eli
Derek Moye,Roethlisberger
Derrick Mayes,Favre
Derrick Ward,Eli
Deuce McAllister,Brees
Devery Henderson,Brees
Devin Hester,Ryan
Devonta Freeman,Ryan
Dion Lewis,Brady
Diontae Johnson,Roethlisberger
Domenik Hixon,Eli
Dominic Rhodes,Peyton
Dominique Dafney,Rodgers
Don Beebe,Favre
Donald Driver,Favre
Donald Hayes,Brady
Donald Lee,Rodgers
Donte' Stallworth,Brady
Dontrelle Inman,Rivers
Dorsey Levens,Favre
Doug Gabriel,Brady
Drew Davis,Ryan
Dustin Keller,Favre
Dwayne Allen,Brady
Dwayne Harris,Eli
E.G. Green,Peyton
Ed Perry,Marino
Ed West,Favre
Eddie Lacy,Rodgers
Eddie Royal,Rivers
Edgar Bennett,Favre
Edgerrin James,Peyton
Elandon Roberts,Brady
Eli Rogers,Roethlisberger
Emmanuel Sanders,Peyton
Equanimeous St. Brown,Rodgers
Eric Decker,Peyton
Eric Ebron,Roethlisberger
Eric Green,Marino
Eric Johnson,Brees
Eric Parker,Brees
Eric Weems,Ryan
Erik Lorig,Brees
Ernie Conwell,Brees
Evan Engram,Eli
Ferrell Edmunds,Marino
Frank Wainright,Marino
Fred Banks,Marino
Fred Barnett,Marino
Fred McCrary,Brees
Freddie Jones,Brees
Garrett Griffin,Brees
Gary Clark,Marino
Geronimo Allison,Rodgers
Gijon Robinson,Peyton
Giovani Bernard,Brady
Golden Tate,Eli
Greg Baty,Marino
Greg Camarillo,Favre
Greg Jennings,Rodgers
Greg Lewis,Favre
Hakeem Nicks,Eli
Harry Douglas,Ryan
Harry Sydney,Favre
Hayden Hurst,Ryan
Heath Evans,Brees
Heath Miller,Roethlisberger
Henry Hynoski,Eli
Hines Ward,Roethlisberger
Hunter Henry,Rivers
Hunter Sharp,Eli
Irving Fryar,Marino
Irving Spikes,Marino
Isaac Redman,Roethlisberger
Jabar Gaffney,Brady
Jace Sternberger,Rodgers
Jack Doyle,Rivers
Jackie Battle,Rivers
Jackie Harris,Favre
Jacob Hester,Rivers
Jacob Tamme,Ryan
Jacquizz Rodgers,Ryan
Jaeden Graham,Ryan
Jake Ballard,Eli
Jake Kumerow,Rodgers
Jamaal Williams,Rodgers
Jamal Jones,Brees
James Conner,Roethlisberger
James Develin,Brady
James Jones,Rodgers
James Mungro,Peyton
James Pruitt,Marino
James Starks,Rodgers
James Washington,Roethlisberger
James White,Brady
Jared Cook,Brees
Jarrett Boykin,Rodgers
Jason Snelling,Ryan
Javon Walker,Favre
Jay Riemersma,Roethlisberger
Jaylen Samuels,Roethlisberger
Jed Collins,Brees
Jeff Dugan,Favre
Jeff Janis,Rodgers
Jeff Thomason,Favre
Jelani Woods,Ryan
Jerame Tuman,Roethlisberger
Jerell Adams,Eli
Jeremy Shockey,Eli
Jerious Norwood,Ryan
Jermaine Wiggins,Brady
Jermichael Finley,Rodgers
Jerome Pathon,Peyton
Jerrel Jernigan,Eli
Jerricho Cotchery,Favre
Jerris McPhail,Marino
Jesse James,Roethlisberger
Jim Finn,Peyton
Jim Jensen,Marino
Jimmy Cefalo,Marino
Jimmy Graham,Brees
Joe Horn,Brees
Joe Morgan,Brees
Joe Rose,Marino
Joel Dreessen,Peyton
John Avery,Marino
John Gilmore,Brees
John Kuhn,Rodgers
John Phillips,Rivers
Jonathan Taylor,Rivers
Jordy Nelson,Rodgers
Joseph Addai,Peyton
Josh Gordon,Brady
Josh Hill,Brees
Josh Norman,Brees
Joshua Perkins,Ryan
Josiah Deguara,Rodgers
JuJu Smith-Schuster,Roethlisberger
Julian Edelman,Brady
Julio Jones,Ryan
Julius Thomas,Peyton
Justin Hardy,Ryan
Justin Hunter,Roethlisberger
Justin Peelle,Ryan
Justin Perillo,Rodgers
Karim Abdul-Jabbar,Marino
Kassim Osgood,Brees
Ke'Shawn Vaughn,Brady
Keenan Allen,Rivers
Keenan McCardell,Brees
Keith Byars,Marino
Keith Jackson,Marino
Keith Kirkwood,Brees
Kelley Washington,Rivers
Ken Dilger,Peyton
Kenbrell Thompkins,Brady
Kenny Stills,Brees
Kenton Keith,Peyton
Keshawn Martin,Brady
Kevin Boss,Eli
Kevin Faulk,Brady
Kitrick Taylor,Favre
Knowshon Moreno,Peyton
Koren Robinson,Favre
Korey Hall,Rodgers
Kris Wilson,Rivers
Kyle Brady,Brady
Kyle Pitts,Ryan
LaDainian Tomlinson*,Rivers
Ladarius Green,Roethlisberger
Lamar Thomas,Marino
Lamont Warren,Peyton
Lance Ball,Peyton
Lance Kendricks,Rodgers
Lance Moore,Brees
Laquon Treadwell,Ryan
Larry Centers,Brady
Larry Donnell,Eli
Latavius Murray,Brees
Laurence Maroney,Brady
Laveranues Coles,Favre
Le'Veon Bell,Roethlisberger
Lee Smith,Ryan
LeGarrette Blount,Brady
Legedu Naanee,Rivers
Leon Washington,Favre
Leonard Fournette,Brady
Leonard Hankerson,Ryan
Leonard Pope,Roethlisberger
Levine Toilolo,Ryan
Lil'Jordan Humphrey,Brees
Logan Paulsen,Ryan
Lorenzo Hampton,Marino
Lorenzo Neal,Rivers
Louis Murphy,Eli
Luke Lawton,Peyton
Madison Hedgecock,Eli
Malcolm Mitchell,Brady
Malcom Floyd,Rivers
Malik Taylor,Rodgers
Marc Edwards,Brady
Marcedes Lewis,Rodgers
Marcellus Rivers,Eli
Marcus Pollard,Peyton
Mario Manningham,Eli
Mark Campbell,Brees
Mark Chmura,Favre
Mark Clayton,Marino
Mark Duper,Marino
Mark Ingram,Brees
Markus Wheaton,Roethlisberger
Marques Colston,Brees
Marquez Valdes-Scantling,Rodgers
Marshall Faulk,Peyton
Martavis Bryant,Roethlisberger
Martellus Bennett,Brady
Marty Booker,Ryan
Marvin Hall,Ryan
Marvin Harrison,Peyton
Matt LaCosse,Brady
Matt Lengel,Brady
Matt Spaeth,Roethlisberger
Matthew Mulligan,Brady
Melvin Gordon,Rivers
Mewelde Moore,Roethlisberger
Michael Floyd,Brady
Michael Hoomanawanui,Brady
Michael Jenkins,Ryan
Michael Palmer,Roethlisberger
Michael Pittman,Ryan
Michael Thomas,Brees
Michael Turner,Ryan
Mike Davis,Ryan
Mike Evans,Brady
Mike Johnson,Ryan
Mike Karney,Brees
Mike Roberg,Peyton
Mike Tolbert,Rivers
Mike Vrabel,Brady
Mike Wallace,Roethlisberger
Mike Williams,Marino
Mitch Unrein,Peyton
Mo Alie-Cox,Rivers
Mohamed Sanu,Ryan
N'Keal Harry,Brady
Najee Harris,Roethlisberger
Najeh Davenport,Roethlisberger
Nat Moore,Marino
Nate Solder,Brady
Nate Washington,Roethlisberger
Naufahu Tahi,Favre
Nick Toon,Brees
Nick Williams,Ryan
Noah Herron,Favre
Nyheim Hines,Rivers
O.J. Howard,Brady
O.J. McDuffie,Marino
Odell Beckham,Eli
Olamide Zaccheaus,Ryan
Oronde Gadsden,Marino
Ovie Mughelli,Ryan
Owen Daniels,Peyton
Pat Freiermuth,Roethlisberger
Patrick Crayton,Rivers
Patrick DiMarco,Ryan
Patrick Pass,Brady
Percy Harvin,Favre
Phillip Dorsett,Brady
Pierre Garcon,Peyton
Pierre Thomas,Brees
Plaxico Burress,Eli
Preston Parker,Eli
Qadry Ismail,Peyton
Quincy Morgan,Roethlisberger
Randal Hill,Marino
Randall Cobb,Rodgers
Randy McMichael,Rivers
Randy Moss*,Brady
Rashad Jennings,Eli
Rashard Mendenhall,Roethlisberger
Reche Caldwell,Brady
Reggie Bush,Brees
Reggie Cobb,Favre
Reggie Wayne,Peyton
Rex Burkhead,Brady
Rhett Ellison,Eli
Richard Rodgers,Rodgers
Ricky Williams,Peyton
Rob Gronkowski,Brady
Rob Konrad,Marino
Robert Brooks,Favre
Robert Ferguson,Favre
Robert Meachem,Brees
Robert Tonyan,Rodgers
Robert Wilson,Marino
Roddy White,Ryan
Roger Lewis,Eli
Romeo Doubs,Rodgers
Ron Davenport,Marino
Ronald Jones,Brady
Ronnie Hillman,Peyton
Ronnie Williams,Marino
Roosevelt Nix,Roethlisberger
Roy Foster,Marino
Rueben Randle,Eli
Russell Gage,Ryan
Russell Shepard,Eli
Ruvell Martin,Favre
Ryan Grant,Rodgers
Ryan Izzo,Brady
Ryan Mathews,Rivers
Ryan Switzer,Roethlisberger
Ryan Taylor,Rodgers
Sam Aiken,Brady
Samkon Gado,Favre
Sammie Coates,Roethlisberger
Sammie Smith,Marino
Santonio Holmes,Roethlisberger
Saquon Barkley,Eli
Scott Chandler,Brady
Scott Miller,Brady
Scott Schwedes,Marino
Scott Simonson,Eli
Seyi Ajirotutu,Rivers
Shane Vereen,Brady
Sidney Rice,Favre
Sinorice Moss,Eli
Spencer Havner,Rodgers
Stanley Pritchett,Marino
Stephen Alexander,Brees
Sterling Sharpe,Favre
Sterling Shepard,Eli
Steve Johnson,Rivers
Steve Smith,Eli
Steven Jackson,Ryan
T.J. Jones,Eli
T.Y. Hilton,Rivers
Tavarres King,Eli
Taylor Gabriel,Ryan
Taysom Hill,Brees
Ted Ginn,Brees
Terrance Copper,Brees
Terrence Wilkins,Peyton
Terry Glenn,Brady
Terry Kirby,Marino
Terry Mickens,Favre
Tevin Coleman,Ryan
Thomas Jones,Favre
Tiki Barber,Eli
Tim Carter,Eli
Tim Dwight,Brees
Tim Wright,Brady
Tom Ashworth,Brady
Tom Crabtree,Rodgers
Tom Lopienski,Peyton
Tom Santi,Peyton
Tommylee Lewis,Brees
Tony Fisher,Favre
Tony Gonzalez*,Ryan
Tony Martin,Marino
Tony Moeaki,Ryan
Tony Nathan,Marino
Tony Paige,Marino
Torrance Small,Peyton
Travaris Cadet,Brees
Travis Beckum,Eli
Travis Benjamin,Rivers
Tre'Quan Smith,Brees
Trevor Davis,Rodgers
Trevor Insley,Peyton
Trey Burton,Rivers
Troy Brown,Brady
Troy Drayton,Marino
Troy Stradford,Marino
Troy Walters,Peyton
Troymaine Pope,Rivers
Ty Montgomery,Rodgers
Ty Sambrailo,Ryan
Tyler Johnson,Brady
Tyrell Williams,Rivers
Tyrone Davis,Favre
Vance McDonald,Roethlisberger
Verron Haynes,Roethlisberger
Victor Cruz,Eli
Vince Heflin,Marino
Vincent Brown,Rivers
Vincent Jackson,Rivers
Virgil Green,Rivers
Visanthe Shiancoe,Favre
Wayne Gallman,Eli
Wes Welker,Brady
Wesley Walls,Favre
Weslye Saunders,Roethlisberger
Will Johnson,Roethlisberger
Will Tye,Eli
William Henderson,Favre
Willie Parker,Roethlisberger
Willie Snead,Brees
Woody Bennett,Marino
Xavier Grimble,Roethlisberger
Zach Line,Brees
Zach Pascal,Rivers
